Model,MAE,RMSE,R2_Score,MAPE
Ensemble_Voting,133.10286613513375,384.9082798763126,0.9911743037002209,1.8708916986545605
XGBoost,146.25884297245182,399.78207345391496,0.9904790320272108,2.0041350477091506
Random_Forest_Tuned,166.25308664874927,467.292938031987,0.9869919287326621,2.368801526889722
Neural_Network,261.28670157989535,520.4901211022212,0.9838616379567293,4.7278499509490635
Ridge_Regression,292.96617632573316,572.2484266213253,0.9804924069758463,6.127394745804259
Random_Forest,338.63783566437206,727.9152214727928,0.9684357064210555,5.626253052085435
